Raw_filename1;Raw_filename2;Submission_filename1;Submission_filename2;Folder;SampleName;Sample;Genotype;Construct;Suffix;Name;Genotype_construct
NGS354_2nTALEN-B2_BM1_NA_D1_S11.R1.fastq.gz;NGS354_2nTALEN-B2_BM1_NA_D1_S11.R2.fastq.gz;Col-0_no-TAL2_S11.R1.fastq.gz;Col-0_no-TAL2_S11.R2.fastq.gz;NGS354;Col-0_no-TAL2_S11;2nTALEN-B2_S11;Col-0;no-TAL2;mix;Col-0_no-TAL2_mix;Col-0_no-TAL2
NGS354_2nTALEN-B5_BM1_NA_D1_S12.R1.fastq.gz;NGS354_2nTALEN-B5_BM1_NA_D1_S12.R2.fastq.gz;Col-0_no-TAL2_S12.R1.fastq.gz;Col-0_no-TAL2_S12.R2.fastq.gz;NGS354;Col-0_no-TAL2_S12;2nTALEN-B5_S12;Col-0;no-TAL2;mix;Col-0_no-TAL2_mix;Col-0_no-TAL2
NGS354_2nTALEN-C3_BM1_NA_D1_S10.R1.fastq.gz;NGS354_2nTALEN-C3_BM1_NA_D1_S10.R2.fastq.gz;Col-0_no-TAL2_S10.R1.fastq.gz;Col-0_no-TAL2_S10.R2.fastq.gz;NGS354;Col-0_no-TAL2_S10;2nTALEN-C3_S10;Col-0;no-TAL2;mix;Col-0_no-TAL2_mix;Col-0_no-TAL2
NGS354_C1-1_BM1_NA_D1_S13.R1.fastq.gz;NGS354_C1-1_BM1_NA_D1_S13.R2.fastq.gz;;;NGS354;;C1-1_S13;;;;;_
NGS354_C1-3_BM1_NA_D1_S14.R1.fastq.gz;NGS354_C1-3_BM1_NA_D1_S14.R2.fastq.gz;;;NGS354;;C1-3_S14;;;;;_
NGS354_C1-4_BM1_NA_D1_S15.R1.fastq.gz;NGS354_C1-4_BM1_NA_D1_S15.R2.fastq.gz;;;NGS354;;C1-4_S15;;;;;_
NGS354_C2-12_BM1_NA_D1_S16.R1.fastq.gz;NGS354_C2-12_BM1_NA_D1_S16.R2.fastq.gz;;;NGS354;;C2-12_S16;;;;;_
NGS354_C2-16_BM1_NA_D1_S20.R1.fastq.gz;NGS354_C2-16_BM1_NA_D1_S20.R2.fastq.gz;;;NGS354;;C2-16_S20;;;;;_
NGS354_C2-17_BM1_NA_D1_S17.R1.fastq.gz;NGS354_C2-17_BM1_NA_D1_S17.R2.fastq.gz;;;NGS354;;C2-17_S17;;;;;_
NGS354_C2-18_BM1_NA_D1_S18.R1.fastq.gz;NGS354_C2-18_BM1_NA_D1_S18.R2.fastq.gz;;;NGS354;;C2-18_S18;;;;;_
NGS354_C2-21_BM1_NA_D1_S21.R1.fastq.gz;NGS354_C2-21_BM1_NA_D1_S21.R2.fastq.gz;;;NGS354;;C2-21_S21;;;;;_
NGS354_C2-6_BM1_NA_D1_S19.R1.fastq.gz;NGS354_C2-6_BM1_NA_D1_S19.R2.fastq.gz;;;NGS354;;C2-6_S19;;;;;_
NGS354_RecA2-1_BM1_NA_D1_S22.R1.fastq.gz;NGS354_RecA2-1_BM1_NA_D1_S22.R2.fastq.gz;;;NGS354;;RecA2-1_S22;;;;;_
NGS354_RecA2-3_BM1_NA_D1_S23.R1.fastq.gz;NGS354_RecA2-3_BM1_NA_D1_S23.R2.fastq.gz;;;NGS354;;RecA2-3_S23;;;;;_
NGS354_RecA2-4_BM1_NA_D1_S24.R1.fastq.gz;NGS354_RecA2-4_BM1_NA_D1_S24.R2.fastq.gz;;;NGS354;;RecA2-4_S24;;;;;_
Sloan_Col-0_SRR11025105_rep1.R1.fastq.gz;Sloan_Col-0_SRR11025105_rep1.R2.fastq.gz;Col-0_Col-0_Sloan.R1.fastq.gz;Col-0_Col-0_Sloan.R2.fastq.gz;Sloan_MSH1_PNAS2020;Col-0_Col-0_Sloan;Sloan_Col-0_SRR11025105_rep1;Col-0;no-TAL3;Sloan;Col-0_no-TAL3_Sloan;Col-0_no-TAL3
Sloan_Col-0_SRR11025174_rep3.R1.fastq.gz;Sloan_Col-0_SRR11025174_rep3.R2.fastq.gz;Col-0_Col-0_Sloan.R1.fastq.gz;Col-0_Col-0_Sloan.R2.fastq.gz;Sloan_MSH1_PNAS2020;Col-0_Col-0_Sloan;Sloan_Col-0_SRR11025174_rep3;Col-0;no-TAL3;Sloan;Col-0_no-TAL3_Sloan;Col-0_no-TAL3
Sloan_Col-0_SRR11025175_rep2.R1.fastq.gz;Sloan_Col-0_SRR11025175_rep2.R2.fastq.gz;Col-0_Col-0_Sloan.R1.fastq.gz;Col-0_Col-0_Sloan.R2.fastq.gz;Sloan_MSH1_PNAS2020;Col-0_Col-0_Sloan;Sloan_Col-0_SRR11025175_rep2;Col-0;no-TAL3;Sloan;Col-0_no-TAL3_Sloan;Col-0_no-TAL3
SRR5216995_Col0.R1.fastq.gz;SRR5216995_Col0.R2.fastq.gz;Col-0_Col-0_Sloan.R1.fastq.gz;Col-0_Col-0_Sloan.R2.fastq.gz;SRR5216995;Col-0_Col-0_Sloan;SRR5216995_Col0;Col-0;no-TAL4;Sloan;Col-0_no-TAL4_Sloan;Col-0_no-TAL4
WT_control.R1.fastq.gz;WT_control.R2.fastq.gz;WT_control.R1.fastq.gz;WT_control.R2.fastq.gz;NGS;WT_control;Col-0;Col-0;no-TAL1;mix;Col-0_no-TAL1_mix;Col-0_no-TAL1
Col-0-6-2-1E12_S58.R1.fastq.gz;Col-0-6-2-1E12_S58.R2.fastq.gz;Col-0_TAL_6-2_S58.R1.fastq.gz;Col-0_TAL_6-2_S58.R2.fastq.gz;NGS313;Col-0_TAL_6-2_S58;Col-0-6-2-1E12_S58;Col-0;TAL-1;S58;Col-0_TAL-1_S58;Col-0_TAL-1
Col-0-6-2-1E7_S1.R1.fastq.gz;Col-0-6-2-1E7_S1.R2.fastq.gz;Col-0_TAL_6-2_S1.R1.fastq.gz;Col-0_TAL_6-2_S1.R2.fastq.gz;NGS313;Col-0_TAL_6-2_S1;Col-0-6-2-1E7_S1;Col-0;TAL-1;S1;Col-0_TAL-1_S1;Col-0_TAL-1
Col-0-6-2-1E8_S59.R1.fastq.gz;Col-0-6-2-1E8_S59.R2.fastq.gz;Col-0_TAL_6-2_S59.R1.fastq.gz;Col-0_TAL_6-2_S59.R2.fastq.gz;NGS313;Col-0_TAL_6-2_S59;Col-0-6-2-1E8_S59;Col-0;TAL-1;S59;Col-0_TAL-1_S59;Col-0_TAL-1
Col-0-6-2-G5_S57.R1.fastq.gz;Col-0-6-2-G5_S57.R2.fastq.gz;Col-0_TAL_6-2_S57.R1.fastq.gz;Col-0_TAL_6-2_S57.R2.fastq.gz;NGS313;Col-0_TAL_6-2_S57;Col-0-6-2-G5_S57;Col-0;TAL-1;S57;Col-0_TAL-1_S57;Col-0_TAL-1
NGS257-1E10-C4_S29.R1.fastq.gz;NGS257-1E10-C4_S29.R2.fastq.gz;Col-0_TAL_6-2_S29.R1.fastq.gz;Col-0_TAL_6-2_S29.R2.fastq.gz;NGS257;Col-0_TAL_6-2_S29;NGS257-1E10-C4_S29;Col-0;TAL-1;S29;Col-0_TAL-1_S29;Col-0_TAL-1
NGS257-N1_S24.R1.fastq.gz;NGS257-N1_S24.R2.fastq.gz;Col-0_TAL_6-2_S24.R1.fastq.gz;Col-0_TAL_6-2_S24.R2.fastq.gz;NGS257;Col-0_TAL_6-2_S24;NGS257-N1_S24;Col-0;TAL-1;S24;Col-0_TAL-1_S24;Col-0_TAL-1
NGS257-N2_S25.R1.fastq.gz;NGS257-N2_S25.R2.fastq.gz;Col-0_TAL_6-2_S25.R1.fastq.gz;Col-0_TAL_6-2_S25.R2.fastq.gz;NGS257;Col-0_TAL_6-2_S25;NGS257-N2_S25;Col-0;TAL-1;S25;Col-0_TAL-1_S25;Col-0_TAL-1
NGS257-N3_S26.R1.fastq.gz;NGS257-N3_S26.R2.fastq.gz;Col-0_TAL_6-2_S26.R1.fastq.gz;Col-0_TAL_6-2_S26.R2.fastq.gz;NGS257;Col-0_TAL_6-2_S26;NGS257-N3_S26;Col-0;TAL-1;S26;Col-0_TAL-1_S26;Col-0_TAL-1
Col-0-UP-1A12_S55.R1.fastq.gz;Col-0-UP-1A12_S55.R2.fastq.gz;Col-0_TAL_UP_S55.R1.fastq.gz;Col-0_TAL_UP_S55.R2.fastq.gz;NGS313;Col-0_TAL_UP_S55;Col-0-UP-1A12_S55;Col-0;TAL-2;S55;Col-0_TAL-2_S55;Col-0_TAL-2
Col-0-UP-1A6_S56.R1.fastq.gz;Col-0-UP-1A6_S56.R2.fastq.gz;Col-0_TAL_UP_S56.R1.fastq.gz;Col-0_TAL_UP_S56.R2.fastq.gz;NGS313;Col-0_TAL_UP_S56;Col-0-UP-1A6_S56;Col-0;TAL-2;S56;Col-0_TAL-2_S56;Col-0_TAL-2
NGS246-Col0N1_S1.R1.fastq.gz;NGS246-Col0N1_S1.R2.fastq.gz;Col-0_TAL_UP_S1.R1.fastq.gz;Col-0_TAL_UP_S1.R2.fastq.gz;NGS246;Col-0_TAL_UP_S1;NGS246-Col0N1_S1;Col-0;TAL-2;S1;Col-0_TAL-2_S1;Col-0_TAL-2
NGS246-Col0N2_S2.R1.fastq.gz;NGS246-Col0N2_S2.R2.fastq.gz;Col-0_TAL_UP_S2.R1.fastq.gz;Col-0_TAL_UP_S2.R2.fastq.gz;NGS246;Col-0_TAL_UP_S2;NGS246-Col0N2_S2;Col-0;TAL-2;S2;Col-0_TAL-2_S2;Col-0_TAL-2
NGS246-Col0N3_S3.R1.fastq.gz;NGS246-Col0N3_S3.R2.fastq.gz;Col-0_TAL_UP_S3.R1.fastq.gz;Col-0_TAL_UP_S3.R2.fastq.gz;NGS246;Col-0_TAL_UP_S3;NGS246-Col0N3_S3;Col-0;TAL-2;S3;Col-0_TAL-2_S3;Col-0_TAL-2
NGS257-1A7_S27.R1.fastq.gz;NGS257-1A7_S27.R2.fastq.gz;Col-0_TAL_UP_S27.R1.fastq.gz;Col-0_TAL_UP_S27.R2.fastq.gz;NGS257;Col-0_TAL_UP_S27;NGS257-1A7_S27;Col-0;TAL-2;S27;Col-0_TAL-2_S27;Col-0_TAL-2
NGS257-1B6_S28.R1.fastq.gz;NGS257-1B6_S28.R2.fastq.gz;Col-0_TAL_UP_S28.R1.fastq.gz;Col-0_TAL_UP_S28.R2.fastq.gz;NGS257;Col-0_TAL_UP_S28;NGS257-1B6_S28;Col-0;TAL-2;S28;Col-0_TAL-2_S28;Col-0_TAL-2
NGS354_Msh1-1_BM1_NA_D1_S7.R1.fastq.gz;NGS354_Msh1-1_BM1_NA_D1_S7.R2.fastq.gz;msh1-1_Col-0_S7.R1.fastq.gz;msh1-1_Col-0_S7.R2.fastq.gz;NGS354;msh1-1_Col-0_S7;Msh1-1_S7;msh1-1;no-TAL;S7;msh1-1_no-TAL_S7;msh1-1_no-TAL
Sloan_msh1_SRR11025082_rep2.R1.fastq.gz;Sloan_msh1_SRR11025082_rep2.R2.fastq.gz;msh1-1_Col-0_Sloan.R1.fastq.gz;msh1-1_Col-0_Sloan.R2.fastq.gz;Sloan_MSH1_PNAS2020;msh1-1_Col-0_Sloan;Sloan_msh1_SRR11025082_rep2;msh1-1;no-TAL;Sloan;msh1-1_no-TAL_Sloan;msh1-1_no-TAL
Sloan_msh1_SRR11025083_rep1.R1.fastq.gz;Sloan_msh1_SRR11025083_rep1.R2.fastq.gz;msh1-1_Col-0_Sloan.R1.fastq.gz;msh1-1_Col-0_Sloan.R2.fastq.gz;Sloan_MSH1_PNAS2020;msh1-1_Col-0_Sloan;Sloan_msh1_SRR11025083_rep1;msh1-1;no-TAL;Sloan;msh1-1_no-TAL_Sloan;msh1-1_no-TAL
Sloan_msh1_SRR11025149_rep3.R1.fastq.gz;Sloan_msh1_SRR11025149_rep3.R2.fastq.gz;msh1-1_Col-0_Sloan.R1.fastq.gz;msh1-1_Col-0_Sloan.R2.fastq.gz;Sloan_MSH1_PNAS2020;msh1-1_Col-0_Sloan;Sloan_msh1_SRR11025149_rep3;msh1-1;no-TAL;Sloan;msh1-1_no-TAL_Sloan;msh1-1_no-TAL
msh1-6-2-4D10_S6.R1.fastq.gz;msh1-6-2-4D10_S6.R2.fastq.gz;msh1-1_TAL_6-2_S6.R1.fastq.gz;msh1-1_TAL_6-2_S6.R2.fastq.gz;NGS313;msh1-1_TAL_6-2_S6;msh1-6-2-4D10_S6;msh1-1;TAL-1;S6;msh1-1_TAL-1_S6;msh1-1_TAL-1
msh1-6-2-4D11_S5.R1.fastq.gz;msh1-6-2-4D11_S5.R2.fastq.gz;msh1-1_TAL_6-2_S5.R1.fastq.gz;msh1-1_TAL_6-2_S5.R2.fastq.gz;NGS313;msh1-1_TAL_6-2_S5;msh1-6-2-4D11_S5;msh1-1;TAL-1;S5;msh1-1_TAL-1_S5;msh1-1_TAL-1
msh1-6-2-4D3_S9.R1.fastq.gz;msh1-6-2-4D3_S9.R2.fastq.gz;msh1-1_TAL_UP_S9.R1.fastq.gz;msh1-1_TAL_UP_S9.R2.fastq.gz;NGS313;msh1-1_TAL_UP_S9;msh1-6-2-4D3_S9;msh1-1;TAL-2;S9;msh1-1_TAL-2_S9;msh1-1_TAL-2
msh1-6-2-4D5_S8.R1.fastq.gz;msh1-6-2-4D5_S8.R2.fastq.gz;msh1-1_TAL_UP_S8.R1.fastq.gz;msh1-1_TAL_UP_S8.R2.fastq.gz;NGS313;msh1-1_TAL_UP_S8;msh1-6-2-4D5_S8;msh1-1;TAL-2;S8;msh1-1_TAL-2_S8;msh1-1_TAL-2
msh1-6-2-4D6_S7.R1.fastq.gz;msh1-6-2-4D6_S7.R2.fastq.gz;msh1-1_TAL_UP_S7.R1.fastq.gz;msh1-1_TAL_UP_S7.R2.fastq.gz;NGS313;msh1-1_TAL_UP_S7;msh1-6-2-4D6_S7;msh1-1;TAL-2;S7;msh1-1_TAL-2_S7;msh1-1_TAL-2
msh1-UP_6E1_S4.R1.fastq.gz;msh1-UP_6E1_S4.R2.fastq.gz;msh1-1_TAL_UP_S4.R1.fastq.gz;msh1-1_TAL_UP_S4.R2.fastq.gz;NGS313;msh1-1_TAL_UP_S4;msh1-UP_6E1_S4;msh1-1;TAL-2;S4;msh1-1_TAL-2_S4;msh1-1_TAL-2
msh1-UP_6E4_S3.R1.fastq.gz;msh1-UP_6E4_S3.R2.fastq.gz;msh1-1_TAL_UP_S3.R1.fastq.gz;msh1-1_TAL_UP_S3.R2.fastq.gz;NGS313;msh1-1_TAL_UP_S3;msh1-UP_6E4_S3;msh1-1;TAL-2;S3;msh1-1_TAL-2_S3;msh1-1_TAL-2
msh1-UP-6E5_S2.R1.fastq.gz;msh1-UP-6E5_S2.R2.fastq.gz;msh1-1_TAL_UP_S2.R1.fastq.gz;msh1-1_TAL_UP_S2.R2.fastq.gz;NGS313;msh1-1_TAL_UP_S2;msh1-UP-6E5_S2;msh1-1;TAL-2;S2;msh1-1_TAL-2_S2;msh1-1_TAL-2
NGS354_Odb1-1_BM1_NA_D1_S8.R1.fastq.gz;NGS354_Odb1-1_BM1_NA_D1_S8.R2.fastq.gz;odb1-1_Col-0_S8.R1.fastq.gz;odb1-1_Col-0_S8.R2.fastq.gz;NGS354;odb1-1_Col-0_S8;Odb1-1_S8;odb1-1;no-TAL;S8;odb1-1_no-TAL_S8;odb1-1_no-TAL
NGS257-1C5_S6.R1.fastq.gz;NGS257-1C5_S6.R2.fastq.gz;odb1-1_TAL_6-2_S6.R1.fastq.gz;odb1-1_TAL_6-2_S6.R2.fastq.gz;NGS257;odb1-1_TAL_6-2_S6;NGS257-1C5_S6;odb1-1;TAL-1;S6;odb1-1_TAL-1_S6;odb1-1_TAL-1
NGS257-1C6_S7.R1.fastq.gz;NGS257-1C6_S7.R2.fastq.gz;odb1-1_TAL_6-2_S7.R1.fastq.gz;odb1-1_TAL_6-2_S7.R2.fastq.gz;NGS257;odb1-1_TAL_6-2_S7;NGS257-1C6_S7;odb1-1;TAL-1;S7;odb1-1_TAL-1_S7;odb1-1_TAL-1
NGS257-1C7_S8.R1.fastq.gz;NGS257-1C7_S8.R2.fastq.gz;odb1-1_TAL_6-2_S8.R1.fastq.gz;odb1-1_TAL_6-2_S8.R2.fastq.gz;NGS257;odb1-1_TAL_6-2_S8;NGS257-1C7_S8;odb1-1;TAL-1;S8;odb1-1_TAL-1_S8;odb1-1_TAL-1
NGS257-1D6_S9.R1.fastq.gz;NGS257-1D6_S9.R2.fastq.gz;odb1-1_TAL_6-2_S9.R1.fastq.gz;odb1-1_TAL_6-2_S9.R2.fastq.gz;NGS257;odb1-1_TAL_6-2_S9;NGS257-1D6_S9;odb1-1;TAL-1;S9;odb1-1_TAL-1_S9;odb1-1_TAL-1
NGS257-2A4_S46.R1.fastq.gz;NGS257-2A4_S46.R2.fastq.gz;odb1-1_TAL_UP_S47.R1.fastq.gz;odb1-1_TAL_UP_S47.R2.fastq.gz;NGS257;odb1-1_TAL_UP_S47;NGS257-2A4_S46;odb1-1;TAL-2;S47;odb1-1_TAL-2_S47;odb1-1_TAL-2
NGS257-2A6_S47.R1.fastq.gz;NGS257-2A6_S47.R2.fastq.gz;odb1-1_TAL_UP_S48.R1.fastq.gz;odb1-1_TAL_UP_S48.R2.fastq.gz;NGS257;odb1-1_TAL_UP_S48;NGS257-2A6_S47;odb1-1;TAL-2;S48;odb1-1_TAL-2_S48;odb1-1_TAL-2
NGS257-2B11_S49.R1.fastq.gz;NGS257-2B11_S49.R2.fastq.gz;odb1-1_TAL_UP_S50.R1.fastq.gz;odb1-1_TAL_UP_S50.R2.fastq.gz;NGS257;odb1-1_TAL_UP_S50;NGS257-2B11_S49;odb1-1;TAL-2;S50;odb1-1_TAL-2_S50;odb1-1_TAL-2
NGS257-2B3_S48.R1.fastq.gz;NGS257-2B3_S48.R2.fastq.gz;odb1-1_TAL_UP_S49.R1.fastq.gz;odb1-1_TAL_UP_S49.R2.fastq.gz;NGS257;odb1-1_TAL_UP_S49;NGS257-2B3_S48;odb1-1;TAL-2;S49;odb1-1_TAL-2_S49;odb1-1_TAL-2
oex1-1-mix1_S54.R1.fastq.gz;oex1-1-mix1_S54.R2.fastq.gz;oex1-1_Col-0_S54.R1.fastq.gz;oex1-1_Col-0_S54.R2.fastq.gz;NGS313;oex1-1_Col-0_S54;oex1-1-mix1_S54;oex1-1;no-TAL;S54;oex1-1_no-TAL_S54;oex1-1_no-TAL
oex1-1-mix2_S53.R1.fastq.gz;oex1-1-mix2_S53.R2.fastq.gz;oex1-1_Col-0_S53.R1.fastq.gz;oex1-1_Col-0_S53.R2.fastq.gz;NGS313;oex1-1_Col-0_S53;oex1-1-mix2_S53;oex1-1;no-TAL;S53;oex1-1_no-TAL_S53;oex1-1_no-TAL
oex1-1-mix3_S52.R1.fastq.gz;oex1-1-mix3_S52.R2.fastq.gz;oex1-1_Col-0_S52.R1.fastq.gz;oex1-1_Col-0_S52.R2.fastq.gz;NGS313;oex1-1_Col-0_S52;oex1-1-mix3_S52;oex1-1;no-TAL;S52;oex1-1_no-TAL_S52;oex1-1_no-TAL
oex1-UP-4A3_S33.R1.fastq.gz;oex1-UP-4A3_S33.R2.fastq.gz;oex1-1_TAL_6-2_S33.R1.fastq.gz;oex1-1_TAL_6-2_S33.R2.fastq.gz;NGS313;oex1-1_TAL_6-2_S33;oex1-UP-4A3_S33;oex1-1;TAL-1;S33;oex1-1_TAL-1_S33;oex1-1_TAL-1
oex1-6-2-4B10_S35.R1.fastq.gz;oex1-6-2-4B10_S35.R2.fastq.gz;oex1-1_TAL_UP_S35.R1.fastq.gz;oex1-1_TAL_UP_S35.R2.fastq.gz;NGS313;oex1-1_TAL_UP_S35;oex1-6-2-4B10_S35;oex1-1;TAL-2;S35;oex1-1_TAL-2_S35;oex1-1_TAL-2
oex1-6-2-4B12_S34.R1.fastq.gz;oex1-6-2-4B12_S34.R2.fastq.gz;oex1-1_TAL_UP_no_cut_S34.R1.fastq.gz;oex1-1_TAL_UP_no_cut_S34.R2.fastq.gz;NGS313;oex1-1_TAL_UP_no_cut_S34;oex1-6-2-4B12_S34;oex1-1;TAL-2-nocut;S34;oex1-1_TAL-2-nocut_S34;oex1-1_TAL-2-nocut
oex1-UP-4A11_S31.R1.fastq.gz;oex1-UP-4A11_S31.R2.fastq.gz;oex1-1_TAL_UP_no_cut_S31.R1.fastq.gz;oex1-1_TAL_UP_no_cut_S31.R2.fastq.gz;NGS313;oex1-1_TAL_UP_no_cut_S31;oex1-UP-4A11_S31;oex1-1;TAL-2-nocut;S31;oex1-1_TAL-2-nocut_S31;oex1-1_TAL-2-nocut
oex1-UP-4A9_S32.R1.fastq.gz;oex1-UP-4A9_S32.R2.fastq.gz;oex1-1_TAL_UP_no_cut_S32.R1.fastq.gz;oex1-1_TAL_UP_no_cut_S32.R2.fastq.gz;NGS313;oex1-1_TAL_UP_no_cut_S32;oex1-UP-4A9_S32;oex1-1;TAL-2-nocut;S32;oex1-1_TAL-2-nocut_S32;oex1-1_TAL-2-nocut
NGS354_Osb1-1xOsb4-1_BM1_NA_D1_S4.R1.fastq.gz;NGS354_Osb1-1xOsb4-1_BM1_NA_D1_S4.R2.fastq.gz;osb1-1_osb4-1_Col-0_S4.R1.fastq.gz;osb1-1_osb4-1_Col-0_S4.R2.fastq.gz;NGS354;osb1-1_osb4-1_Col-0_S4;Osb1-1xOsb4-1_S4;osb1-1-osb4-1;no-TAL;S4;osb1-1-osb4-1_no-TAL_S4;osb1-1-osb4-1_no-TAL
NGS257-1G11_S22.R1.fastq.gz;NGS257-1G11_S22.R2.fastq.gz;osb1-1_osb4-1_TAL_6-2_S21.R1.fastq.gz;osb1-1_osb4-1_TAL_6-2_S21.R2.fastq.gz;NGS257;osb1-1_osb4-1_TAL_6-2_S21;NGS257-1G10_S21;osb1-1-osb4-1;TAL-1;S21;osb1-1-osb4-1_TAL-1_S21;osb1-1-osb4-1_TAL-1
NGS257-1G12_S23.R1.fastq.gz;NGS257-1G12_S23.R2.fastq.gz;osb1-1_osb4-1_TAL_6-2_S22.R1.fastq.gz;osb1-1_osb4-1_TAL_6-2_S22.R2.fastq.gz;NGS257;osb1-1_osb4-1_TAL_6-2_S22;NGS257-1G11_S22;osb1-1-osb4-1;TAL-1;S22;osb1-1-osb4-1_TAL-1_S22;osb1-1-osb4-1_TAL-1
NGS257-1G1_S34.R1.fastq.gz;NGS257-1G1_S34.R2.fastq.gz;osb1-1_osb4-1_TAL_6-2_S23.R1.fastq.gz;osb1-1_osb4-1_TAL_6-2_S23.R2.fastq.gz;NGS257;osb1-1_osb4-1_TAL_6-2_S23;NGS257-1G12_S23;osb1-1-osb4-1;TAL-1;S23;osb1-1-osb4-1_TAL-1_S23;osb1-1-osb4-1_TAL-1
NGS257-1G7_S20.R1.fastq.gz;NGS257-1G7_S20.R2.fastq.gz;osb1-1_osb4-1_TAL_6-2_S20.R1.fastq.gz;osb1-1_osb4-1_TAL_6-2_S20.R2.fastq.gz;NGS257;osb1-1_osb4-1_TAL_6-2_S20;NGS257-1G7_S20;osb1-1-osb4-1;TAL-1;S20;osb1-1-osb4-1_TAL-1_S20;osb1-1-osb4-1_TAL-1
osb1xosb4-6-2-OSUP2_S16.R1.fastq.gz;osb1xosb4-6-2-OSUP2_S16.R2.fastq.gz;osb1-1_osb4-1_TAL_6-2_S16.R1.fastq.gz;osb1-1_osb4-1_TAL_6-2_S16.R2.fastq.gz;NGS313;osb1-1_osb4-1_TAL_6-2_S16;osb1xosb4-6-2-OSUP2_S16;osb1-1-osb4-1;TAL-1;S16;osb1-1-osb4-1_TAL-1_S16;osb1-1-osb4-1_TAL-1
osb1xosb4-UP-R1_S15.R1.fastq.gz;osb1xosb4-UP-R1_S15.R2.fastq.gz;osb1-1_osb4-1_TAL_UP_S15.R1.fastq.gz;osb1-1_osb4-1_TAL_UP_S15.R2.fastq.gz;NGS313;osb1-1_osb4-1_TAL_UP_S15;osb1xosb4-UP-R1_S15;osb1-1-osb4-1;TAL-2;S15;osb1-1-osb4-1_TAL-2_S15;osb1-1-osb4-1_TAL-2
osb1xosb4-UP-R2_S14.R1.fastq.gz;osb1xosb4-UP-R2_S14.R2.fastq.gz;osb1-1_osb4-1_TAL_UP_COL_S14.R1.fastq.gz;osb1-1_osb4-1_TAL_UP_COL_S14.R2.fastq.gz;NGS313;osb1-1_osb4-1_TAL_UP_COL_S14;osb1xosb4-UP-R2_S14;osb1-1-osb4-1;TAL-2-COL;S14;osb1-1-osb4-1_TAL-2-COL_S14;osb1-1-osb4-1_TAL-2-COL
osb1xosb4-UP-R5_S13.R1.fastq.gz;osb1xosb4-UP-R5_S13.R2.fastq.gz;osb1-1_osb4-1_TAL_Up_COL_S13.R1.fastq.gz;osb1-1_osb4-1_TAL_Up_COL_S13.R2.fastq.gz;NGS313;osb1-1_osb4-1_TAL_Up_COL_S13;osb1xosb4-UP-R5_S13;osb1-1-osb4-1;TAL-2-COL;S13;osb1-1-osb4-1_TAL-2-COL_S13;osb1-1-osb4-1_TAL-2-COL
NGS354_Pol1A-2_BM1_NA_D1_S1.R1.fastq.gz;NGS354_Pol1A-2_BM1_NA_D1_S1.R2.fastq.gz;pol1A_Col-0_S1.R1.fastq.gz;pol1A_Col-0_S1.R2.fastq.gz;NGS354;pol1A_Col-0_S1;Pol1A-2_S1;pol1A;no-TAL;S1;pol1A_no-TAL_S1;pol1A_no-TAL
pol1A-2-6-2-D10_S51.R1.fastq.gz;pol1A-2-6-2-D10_S51.R2.fastq.gz;pol1A_TAL_6-2_S51.R1.fastq.gz;pol1A_TAL_6-2_S51.R2.fastq.gz;NGS313;pol1A_TAL_6-2_S51;pol1A-2-6-2-D10_S51;pol1A;TAL-1;S51;pol1A_TAL-1_S51;pol1A_TAL-1
pol1A-2-6-2-D11_S50.R1.fastq.gz;pol1A-2-6-2-D11_S50.R2.fastq.gz;pol1A_TAL_6-2_S50.R1.fastq.gz;pol1A_TAL_6-2_S50.R2.fastq.gz;NGS313;pol1A_TAL_6-2_S50;pol1A-2-6-2-D11_S50;pol1A;TAL-1;S50;pol1A_TAL-1_S50;pol1A_TAL-1
pol1A-2-6-2-E2_S49.R1.fastq.gz;pol1A-2-6-2-E2_S49.R2.fastq.gz;pol1A_TAL_6-2_S49.R1.fastq.gz;pol1A_TAL_6-2_S49.R2.fastq.gz;NGS313;pol1A_TAL_6-2_S49;pol1A-2-6-2-E2_S49;pol1A;TAL-1;S49;pol1A_TAL-1_S49;pol1A_TAL-1
pol1A-UP-2G9_S48.R1.fastq.gz;pol1A-UP-2G9_S48.R2.fastq.gz;pol1A_TAL_UP_S48.R1.fastq.gz;pol1A_TAL_UP_S48.R2.fastq.gz;NGS313;pol1A_TAL_UP_S48;pol1A-UP-2G9_S48;pol1A;TAL-2;S48;pol1A_TAL-2_S48;pol1A_TAL-2
pol1A-UP-2H3_S47.R1.fastq.gz;pol1A-UP-2H3_S47.R2.fastq.gz;pol1A_TAL_UP_S47.R1.fastq.gz;pol1A_TAL_UP_S47.R2.fastq.gz;NGS313;pol1A_TAL_UP_S47;pol1A-UP-2H3_S47;pol1A;TAL-2;S47;pol1A_TAL-2_S47;pol1A_TAL-2
pol1A-UP-2H7_S46.R1.fastq.gz;pol1A-UP-2H7_S46.R2.fastq.gz;pol1A_TAL_UP_S46.R1.fastq.gz;pol1A_TAL_UP_S46.R2.fastq.gz;NGS313;pol1A_TAL_UP_S46;pol1A-UP-2H7_S46;pol1A;TAL-2;S46;pol1A_TAL-2_S46;pol1A_TAL-2
NGS354_Pol1B-2_BM1_NA_D1_S2.R1.fastq.gz;NGS354_Pol1B-2_BM1_NA_D1_S2.R2.fastq.gz;pol1B_Col-0_S2.R1.fastq.gz;pol1B_Col-0_S2.R2.fastq.gz;NGS354;pol1B_Col-0_S2;Pol1B-2_S2;pol1B;no-TAL;S2;pol1B_no-TAL_S2;pol1B_no-TAL
Sloan_polIb_SRR11025085_rep3.R1.fastq.gz;Sloan_polIb_SRR11025085_rep3.R2.fastq.gz;pol1B_Col-0_Sloan.R1.fastq.gz;pol1B_Col-0_Sloan.R2.fastq.gz;Sloan_MSH1_PNAS2020;pol1B_Col-0_Sloan;Sloan_polIb_SRR11025085_rep3;pol1B;no-TAL;Sloan;pol1B_no-TAL_Sloan;pol1B_no-TAL
Sloan_polIb_SRR11025096_rep2.R1.fastq.gz;Sloan_polIb_SRR11025096_rep2.R2.fastq.gz;pol1B_Col-0_Sloan.R1.fastq.gz;pol1B_Col-0_Sloan.R2.fastq.gz;Sloan_MSH1_PNAS2020;pol1B_Col-0_Sloan;Sloan_polIb_SRR11025096_rep2;pol1B;no-TAL;Sloan;pol1B_no-TAL_Sloan;pol1B_no-TAL
Sloan_polIb_SRR11025153_rep1.R1.fastq.gz;Sloan_polIb_SRR11025153_rep1.R2.fastq.gz;pol1B_Col-0_Sloan.R1.fastq.gz;pol1B_Col-0_Sloan.R2.fastq.gz;Sloan_MSH1_PNAS2020;pol1B_Col-0_Sloan;Sloan_polIb_SRR11025153_rep1;pol1B;no-TAL;Sloan;pol1B_no-TAL_Sloan;pol1B_no-TAL
NGS257-1H10_S15.R1.fastq.gz;NGS257-1H10_S15.R2.fastq.gz;pol1B_TAL_6-2_S15.R1.fastq.gz;pol1B_TAL_6-2_S15.R2.fastq.gz;NGS257;pol1B_TAL_6-2_S15;NGS257-1H10_S15;pol1B;TAL-1;S15;pol1B_TAL-1_S15;pol1B_TAL-1
NGS257-1H11_S16.R1.fastq.gz;NGS257-1H11_S16.R2.fastq.gz;pol1B_TAL_6-2_S16.R1.fastq.gz;pol1B_TAL_6-2_S16.R2.fastq.gz;NGS257;pol1B_TAL_6-2_S16;NGS257-1H11_S16;pol1B;TAL-1;S16;pol1B_TAL-1_S16;pol1B_TAL-1
NGS257-1H9_S14.R1.fastq.gz;NGS257-1H9_S14.R2.fastq.gz;pol1B_TAL_6-2_S14.R1.fastq.gz;pol1B_TAL_6-2_S14.R2.fastq.gz;NGS257;pol1B_TAL_6-2_S14;NGS257-1H9_S14;pol1B;TAL-1;S14;pol1B_TAL-1_S14;pol1B_TAL-1
NGS257-3C9_S17.R1.fastq.gz;NGS257-3C9_S17.R2.fastq.gz;pol1B_TAL_6-2_S17.R1.fastq.gz;pol1B_TAL_6-2_S17.R2.fastq.gz;NGS257;pol1B_TAL_6-2_S17;NGS257-3C9_S17;pol1B;TAL-1;S17;pol1B_TAL-1_S17;pol1B_TAL-1
NGS257-3D2_S18.R1.fastq.gz;NGS257-3D2_S18.R2.fastq.gz;pol1B_TAL_6-2_S18.R1.fastq.gz;pol1B_TAL_6-2_S18.R2.fastq.gz;NGS257;pol1B_TAL_6-2_S18;NGS257-3D2_S18;pol1B;TAL-1;S18;pol1B_TAL-1_S18;pol1B_TAL-1
NGS257-3D3_S19.R1.fastq.gz;NGS257-3D3_S19.R2.fastq.gz;pol1B_TAL_6-2_S19.R1.fastq.gz;pol1B_TAL_6-2_S19.R2.fastq.gz;NGS257;pol1B_TAL_6-2_S19;NGS257-3D3_S19;pol1B;TAL-1;S19;pol1B_TAL-1_S19;pol1B_TAL-1
pol1B-6-2-B-1-1H8_S45.R1.fastq.gz;pol1B-6-2-B-1-1H8_S45.R2.fastq.gz;pol1B_TAL_6-2_S45.R1.fastq.gz;pol1B_TAL_6-2_S45.R2.fastq.gz;NGS313;pol1B_TAL_6-2_S45;pol1B-6-2-B-1-1H8_S45;pol1B;TAL-1;S45;pol1B_TAL-1_S45;pol1B_TAL-1
pol1B-6-2-B-2-3C10_S44.R1.fastq.gz;pol1B-6-2-B-2-3C10_S44.R2.fastq.gz;pol1B_TAL_6-2_S44.R1.fastq.gz;pol1B_TAL_6-2_S44.R2.fastq.gz;NGS313;pol1B_TAL_6-2_S44;pol1B-6-2-B-2-3C10_S44;pol1B;TAL-1;S44;pol1B_TAL-1_S44;pol1B_TAL-1
pol1B-UP-B-1-3F6_S43.R1.fastq.gz;pol1B-UP-B-1-3F6_S43.R2.fastq.gz;pol1B_TAL_UP_S43.R1.fastq.gz;pol1B_TAL_UP_S43.R2.fastq.gz;NGS313;pol1B_TAL_UP_S43;pol1B-UP-B-1-3F6_S43;pol1B;TAL-2;S43;pol1B_TAL-2_S43;pol1B_TAL-2
pol1B-UP-B-2-2A1_S42.R1.fastq.gz;pol1B-UP-B-2-2A1_S42.R2.fastq.gz;pol1B_TAL_UP_S42.R1.fastq.gz;pol1B_TAL_UP_S42.R2.fastq.gz;NGS313;pol1B_TAL_UP_S42;pol1B-UP-B-2-2A1_S42;pol1B;TAL-2;S42;pol1B_TAL-2_S42;pol1B_TAL-2
pol1B-UP-B-2-2B2_S41.R1.fastq.gz;pol1B-UP-B-2-2B2_S41.R2.fastq.gz;pol1B_TAL_UP_S41.R1.fastq.gz;pol1B_TAL_UP_S41.R2.fastq.gz;NGS313;pol1B_TAL_UP_S41;pol1B-UP-B-2-2B2_S41;pol1B;TAL-2;S41;pol1B_TAL-2_S41;pol1B_TAL-2
NGS354_RadA-3_BM1_NA_D1_S9.R1.fastq.gz;NGS354_RadA-3_BM1_NA_D1_S9.R2.fastq.gz;RadA-3_Col-0_S9.R1.fastq.gz;RadA-3_Col-0_S9.R2.fastq.gz;NGS354;RadA-3_Col-0_S9;RadA-3_S9;RadA-3;no-TAL;S9;RadA-3_no-TAL_S9;RadA-3_no-TAL
NGS257-1G10_S21.R1.fastq.gz;NGS257-1G10_S21.R2.fastq.gz;RadA-3_TAL_6-2_S35.R1.fastq.gz;RadA-3_TAL_6-2_S35.R2.fastq.gz;NGS257;RadA-3_TAL_6-2_S35;NGS257-1G1_S34;RadA-3;TAL-1;S35;RadA-3_TAL-1_S35;RadA-3_TAL-1
NGS257-1G2_S35.R1.fastq.gz;NGS257-1G2_S35.R2.fastq.gz;RadA-3_TAL_6-2_S36.R1.fastq.gz;RadA-3_TAL_6-2_S36.R2.fastq.gz;NGS257;RadA-3_TAL_6-2_S36;NGS257-1G2_S35;RadA-3;TAL-1;S36;RadA-3_TAL-1_S36;RadA-3_TAL-1
NGS257-1G3_S36.R1.fastq.gz;NGS257-1G3_S36.R2.fastq.gz;RadA-3_TAL_6-2_S37.R1.fastq.gz;RadA-3_TAL_6-2_S37.R2.fastq.gz;NGS257;RadA-3_TAL_6-2_S37;NGS257-1G3_S36;RadA-3;TAL-1;S37;RadA-3_TAL-1_S37;RadA-3_TAL-1
NGS257-1G4_S37.R1.fastq.gz;NGS257-1G4_S37.R2.fastq.gz;RadA-3_TAL_6-2_S38.R1.fastq.gz;RadA-3_TAL_6-2_S38.R2.fastq.gz;NGS257;RadA-3_TAL_6-2_S38;NGS257-1G4_S37;RadA-3;TAL-1;S38;RadA-3_TAL-1_S38;RadA-3_TAL-1
radA-6-2-X5_S21.R1.fastq.gz;radA-6-2-X5_S21.R2.fastq.gz;RadA-3_TAL_6-2_S21.R1.fastq.gz;RadA-3_TAL_6-2_S21.R2.fastq.gz;NGS313;RadA-3_TAL_6-2_S21;radA-6-2-X5_S21;RadA-3;TAL-1;S21;RadA-3_TAL-1_S21;RadA-3_TAL-1
radA-6-2-X8_S20.R1.fastq.gz;radA-6-2-X8_S20.R2.fastq.gz;RadA-3_TAL_6-2_S20.R1.fastq.gz;RadA-3_TAL_6-2_S20.R2.fastq.gz;NGS313;RadA-3_TAL_6-2_S20;radA-6-2-X8_S20;RadA-3;TAL-1;S20;RadA-3_TAL-1_S20;RadA-3_TAL-1
radA-UP-3E3_S19.R1.fastq.gz;radA-UP-3E3_S19.R2.fastq.gz;RadA-3_TAL_UP_S19.R1.fastq.gz;RadA-3_TAL_UP_S19.R2.fastq.gz;NGS313;RadA-3_TAL_UP_S19;radA-UP-3E3_S19;RadA-3;TAL-2;S19;RadA-3_TAL-2_S19;RadA-3_TAL-2
radA-UP-3E4_S18.R1.fastq.gz;radA-UP-3E4_S18.R2.fastq.gz;RadA-3_TAL_UP_S18.R1.fastq.gz;RadA-3_TAL_UP_S18.R2.fastq.gz;NGS313;RadA-3_TAL_UP_S18;radA-UP-3E4_S18;RadA-3;TAL-2;S18;RadA-3_TAL-2_S18;RadA-3_TAL-2
radA-UP-3F4_S17.R1.fastq.gz;radA-UP-3F4_S17.R2.fastq.gz;RadA-3_TAL_UP_S17.R1.fastq.gz;RadA-3_TAL_UP_S17.R2.fastq.gz;NGS313;RadA-3_TAL_UP_S17;radA-UP-3F4_S17;RadA-3;TAL-2;S17;RadA-3_TAL-2_S17;RadA-3_TAL-2
radA-6-2-A3_S22.R1.fastq.gz;radA-6-2-A3_S22.R2.fastq.gz;RadA-3_TAL_UP_BAD_S22.R1.fastq.gz;RadA-3_TAL_UP_BAD_S22.R2.fastq.gz;NGS313;RadA-3_TAL_UP_BAD_S22;radA-6-2-A3_S22;RadA-3;TAL-2-BAD;S22;RadA-3_TAL-2-BAD_S22;RadA-3_TAL-2-BAD
Sloan_recA3_SRR11025142_rep3.R1.fastq.gz;Sloan_recA3_SRR11025142_rep3.R2.fastq.gz;recA3_Col-0_Sloan.R1.fastq.gz;recA3_Col-0_Sloan.R2.fastq.gz;Sloan_MSH1_PNAS2020;recA3_Col-0_Sloan;Sloan_recA3_SRR11025142_rep3;recA3;no-TAL;Sloan;recA3_no-TAL_Sloan;recA3_no-TAL
Sloan_recA3_SRR11025143_rep2.R1.fastq.gz;Sloan_recA3_SRR11025143_rep2.R2.fastq.gz;recA3_Col-0_Sloan.R1.fastq.gz;recA3_Col-0_Sloan.R2.fastq.gz;Sloan_MSH1_PNAS2020;recA3_Col-0_Sloan;Sloan_recA3_SRR11025143_rep2;recA3;no-TAL;Sloan;recA3_no-TAL_Sloan;recA3_no-TAL
Sloan_recA3_SRR11025144_rep1.R1.fastq.gz;Sloan_recA3_SRR11025144_rep1.R2.fastq.gz;recA3_Col-0_Sloan.R1.fastq.gz;recA3_Col-0_Sloan.R2.fastq.gz;Sloan_MSH1_PNAS2020;recA3_Col-0_Sloan;Sloan_recA3_SRR11025144_rep1;recA3;no-TAL;Sloan;recA3_no-TAL_Sloan;recA3_no-TAL
NGS257-1D4_S30.R1.fastq.gz;NGS257-1D4_S30.R2.fastq.gz;recA3-2_Col-0_S30.R1.fastq.gz;recA3-2_Col-0_S30.R2.fastq.gz;NGS257;recA3-2_Col-0_S30;NGS257-1D4_S30;recA3-2;no-TAL;S30;recA3-2_no-TAL_S30;recA3-2_no-TAL
NGS257-1D9_S31.R1.fastq.gz;NGS257-1D9_S31.R2.fastq.gz;recA3-2_Col-0_S32.R1.fastq.gz;recA3-2_Col-0_S32.R2.fastq.gz;NGS257;recA3-2_Col-0_S32;NGS257-1D9_S31;recA3-2;no-TAL;S32;recA3-2_no-TAL_S32;recA3-2_no-TAL
NGS354_RecA3-2_BM1_NA_D1_S6.R1.fastq.gz;NGS354_RecA3-2_BM1_NA_D1_S6.R2.fastq.gz;recA3-2_Col-0_S6.R1.fastq.gz;recA3-2_Col-0_S6.R2.fastq.gz;NGS354;recA3-2_Col-0_S6;RecA3-2_S6;recA3-2;no-TAL;S6;recA3-2_no-TAL_S6;recA3-2_no-TAL
recA3-6-2-3H1_S30.R1.fastq.gz;recA3-6-2-3H1_S30.R2.fastq.gz;recA3-2_Col-0_S30-3H1.R1.fastq.gz;recA3-2_Col-0_S30-3H1.R2.fastq.gz;NGS313;recA3-2_Col-0_S30-3H1;recA3-6-2-3H1_S30;recA3-2;no-TAL;S30-3H1;recA3-2_no-TAL_S30-3H1;recA3-2_no-TAL
recA3-6-2-3H5-_S29.R1.fastq.gz;recA3-6-2-3H5-_S29.R2.fastq.gz;recA3-2_Col-0_S29.R1.fastq.gz;recA3-2_Col-0_S29.R2.fastq.gz;NGS313;recA3-2_Col-0_S29;recA3-6-2-3H5-_S29;recA3-2;no-TAL;S29;recA3-2_no-TAL_S29;recA3-2_no-TAL
recA3-6-2-3H6_S28.R1.fastq.gz;recA3-6-2-3H6_S28.R2.fastq.gz;recA3-2_Col-0_S28.R1.fastq.gz;recA3-2_Col-0_S28.R2.fastq.gz;NGS313;recA3-2_Col-0_S28;recA3-6-2-3H6_S28;recA3-2;no-TAL;S28;recA3-2_no-TAL_S28;recA3-2_no-TAL
recA3-6-2-3H9_S27.R1.fastq.gz;recA3-6-2-3H9_S27.R2.fastq.gz;recA3-2_Col-0_S27.R1.fastq.gz;recA3-2_Col-0_S27.R2.fastq.gz;NGS313;recA3-2_Col-0_S27;recA3-6-2-3H9_S27;recA3-2;no-TAL;S27;recA3-2_no-TAL_S27;recA3-2_no-TAL
recA3-6-2-REUP1_S26.R1.fastq.gz;recA3-6-2-REUP1_S26.R2.fastq.gz;recA3-2_Col-0_S26.R1.fastq.gz;recA3-2_Col-0_S26.R2.fastq.gz;NGS313;recA3-2_Col-0_S26;recA3-6-2-REUP1_S26;recA3-2;no-TAL;S26;recA3-2_no-TAL_S26;recA3-2_no-TAL
recA3-6-2-REUP2_S25.R1.fastq.gz;recA3-6-2-REUP2_S25.R2.fastq.gz;recA3-2_Col-0_S25.R1.fastq.gz;recA3-2_Col-0_S25.R2.fastq.gz;NGS313;recA3-2_Col-0_S25;recA3-6-2-REUP2_S25;recA3-2;no-TAL;S25;recA3-2_no-TAL_S25;recA3-2_no-TAL
recA3-UP-3G10_S23.R1.fastq.gz;recA3-UP-3G10_S23.R2.fastq.gz;recA3-2_Col-0_S23.R1.fastq.gz;recA3-2_Col-0_S23.R2.fastq.gz;NGS313;recA3-2_Col-0_S23;recA3-UP-3G10_S23;recA3-2;no-TAL;S23;recA3-2_no-TAL_S23;recA3-2_no-TAL
recA3-UP-3G5_S24.R1.fastq.gz;recA3-UP-3G5_S24.R2.fastq.gz;recA3-2_Col-0_S24.R1.fastq.gz;recA3-2_Col-0_S24.R2.fastq.gz;NGS313;recA3-2_Col-0_S24;recA3-UP-3G5_S24;recA3-2;no-TAL;S24;recA3-2_no-TAL_S24;recA3-2_no-TAL
NGS257-2C9_S43.R1.fastq.gz;NGS257-2C9_S43.R2.fastq.gz;recA3_3_TAL_UP_S44.R1.fastq.gz;recA3_3_TAL_UP_S44.R2.fastq.gz;NGS257;recA3_3_TAL_UP_S44;NGS257-2C9_S43;recA3-3;TAL-2;S44;recA3-3_TAL-2_S44;recA3-3_TAL-2
NGS257-2E3_S10.R1.fastq.gz;NGS257-2E3_S10.R2.fastq.gz;recA3_3_WT_TAL_6-2-TW_S10.R1.fastq.gz;recA3_3_WT_TAL_6-2-TW_S10.R2.fastq.gz;NGS257;recA3_3_WT_TAL_6-2-TW_S10;NGS257-2E3_S10;recA3-3-WT;TAL-1-WT;S10;recA3-3-WT_TAL-1-WT_S10;recA3-3-WT_TAL-1-WT
NGS257-2E4_S11.R1.fastq.gz;NGS257-2E4_S11.R2.fastq.gz;recA3_3_WT_TAL_6-2-WT_S11.R1.fastq.gz;recA3_3_WT_TAL_6-2-WT_S11.R2.fastq.gz;NGS257;recA3_3_WT_TAL_6-2-WT_S11;NGS257-2E4_S11;recA3-3-WT;TAL-1-WT;S11;recA3-3-WT_TAL-1-WT_S11;recA3-3-WT_TAL-1-WT
NGS257-2E5_S12.R1.fastq.gz;NGS257-2E5_S12.R2.fastq.gz;recA3_3_WT_TAL_6-2-WT_S12.R1.fastq.gz;recA3_3_WT_TAL_6-2-WT_S12.R2.fastq.gz;NGS257;recA3_3_WT_TAL_6-2-WT_S12;NGS257-2E5_S12;recA3-3-WT;TAL-1-WT;S12;recA3-3-WT_TAL-1-WT_S12;recA3-3-WT_TAL-1-WT
NGS257-2E7_S13.R1.fastq.gz;NGS257-2E7_S13.R2.fastq.gz;recA3_3_WT_TAL_6-2-WT_S13.R1.fastq.gz;recA3_3_WT_TAL_6-2-WT_S13.R2.fastq.gz;NGS257;recA3_3_WT_TAL_6-2-WT_S13;NGS257-2E7_S13;recA3-3-WT;TAL-1-WT;S13;recA3-3-WT_TAL-1-WT_S13;recA3-3-WT_TAL-1-WT
NGS257-2D1_S44.R1.fastq.gz;NGS257-2D1_S44.R2.fastq.gz;recA3_3_WT_TAL_UP-WT_S45.R1.fastq.gz;recA3_3_WT_TAL_UP-WT_S45.R2.fastq.gz;NGS257;recA3_3_WT_TAL_UP-WT_S45;NGS257-2D1_S44;recA3-3-WT;TAL-2-WT;S45;recA3-3-WT_TAL-2-WT_S45;recA3-3-WT_TAL-2-WT
NGS257-2D9_S45.R1.fastq.gz;NGS257-2D9_S45.R2.fastq.gz;recA3_3_WT_TAL_UP-WT_S46.R1.fastq.gz;recA3_3_WT_TAL_UP-WT_S46.R2.fastq.gz;NGS257;recA3_3_WT_TAL_UP-WT_S46;NGS257-2D9_S45;recA3-3-WT;TAL-2-WT;S46;recA3-3-WT_TAL-2-WT_S46;recA3-3-WT_TAL-2-WT
NGS257-C3_S39.R1.fastq.gz;NGS257-C3_S39.R2.fastq.gz;recG1-2_Col-0_S40.R1.fastq.gz;recG1-2_Col-0_S40.R2.fastq.gz;NGS257;recG1-2_Col-0_S40;NGS257-C3_S39;recG1-2;no-TAL;S40;recG1-2_no-TAL_S40;recG1-2_no-TAL
NGS257-C8_S42.R1.fastq.gz;NGS257-C8_S42.R2.fastq.gz;recG1-2_Col-0_S43.R1.fastq.gz;recG1-2_Col-0_S43.R2.fastq.gz;NGS257;recG1-2_Col-0_S43;NGS257-C8_S42;recG1-2;no-TAL;S43;recG1-2_no-TAL_S43;recG1-2_no-TAL
NGS354_RecG1-2_BM1_NA_D1_S3.R1.fastq.gz;NGS354_RecG1-2_BM1_NA_D1_S3.R2.fastq.gz;recG1-2_Col-0_S3.R1.fastq.gz;recG1-2_Col-0_S3.R2.fastq.gz;NGS354;recG1-2_Col-0_S3;RecG1-2_S3;recG1-2;no-TAL;S3;recG1-2_no-TAL_S3;recG1-2_no-TAL
recG1-UP-A11_S36.R1.fastq.gz;recG1-UP-A11_S36.R2.fastq.gz;recG1-2_Col-0_S36.R1.fastq.gz;recG1-2_Col-0_S36.R2.fastq.gz;NGS313;recG1-2_Col-0_S36;recG1-UP-A11_S36;recG1-2;no-TAL;S36;recG1-2_no-TAL_S36;recG1-2_no-TAL
NGS257-C2_S38.R1.fastq.gz;NGS257-C2_S38.R2.fastq.gz;recG1-2_TAL_6-2_S39-C2.R1.fastq.gz;recG1-2_TAL_6-2_S39-C2.R2.fastq.gz;NGS257;recG1-2_TAL_6-2_S39-C2;NGS257-C2_S38;recG1-2;TAL-1;S39-C2;recG1-2_TAL-1_S39-C2;recG1-2_TAL-1
NGS257-C4_S40.R1.fastq.gz;NGS257-C4_S40.R2.fastq.gz;recG1-2_TAL_6-2_S41.R1.fastq.gz;recG1-2_TAL_6-2_S41.R2.fastq.gz;NGS257;recG1-2_TAL_6-2_S41;NGS257-C4_S40;recG1-2;TAL-1;S41;recG1-2_TAL-1_S41;recG1-2_TAL-1
NGS257-C5_S41.R1.fastq.gz;NGS257-C5_S41.R2.fastq.gz;recG1-2_TAL_6-2_S42.R1.fastq.gz;recG1-2_TAL_6-2_S42.R2.fastq.gz;NGS257;recG1-2_TAL_6-2_S42;NGS257-C5_S41;recG1-2;TAL-1;S42;recG1-2_TAL-1_S42;recG1-2_TAL-1
NGS257-Recg1-2-Up_S33.R1.fastq.gz;NGS257-Recg1-2-Up_S33.R2.fastq.gz;recG1-2_TAL_6-2_S34.R1.fastq.gz;recG1-2_TAL_6-2_S34.R2.fastq.gz;NGS257;recG1-2_TAL_6-2_S34;NGS257-Recg1-2-Up_S33;recG1-2;TAL-1;S34;recG1-2_TAL-1_S34;recG1-2_TAL-1
recG1-6-2-C9_S39.R1.fastq.gz;recG1-6-2-C9_S39.R2.fastq.gz;recG1-2_TAL_6-2_S39-C9.R1.fastq.gz;recG1-2_TAL_6-2_S39-C9.R2.fastq.gz;NGS313;recG1-2_TAL_6-2_S39-C9;recG1-6-2-C9_S39;recG1-2;TAL-1;S39-C9;recG1-2_TAL-1_S39-C9;recG1-2_TAL-1
NGS257-RecG1-2-6-2_S32.R1.fastq.gz;NGS257-RecG1-2-6-2_S32.R2.fastq.gz;recG1-2_TAL_UP_S33.R1.fastq.gz;recG1-2_TAL_UP_S33.R2.fastq.gz;NGS257;recG1-2_TAL_UP_S33;NGS257-RecG1-2-6-2_S32;recG1-2;TAL-2;S33;recG1-2_TAL-2_S33;recG1-2_TAL-2
recG1-UP-A4_S38.R1.fastq.gz;recG1-UP-A4_S38.R2.fastq.gz;recG1-2_TAL_UP_S38.R1.fastq.gz;recG1-2_TAL_UP_S38.R2.fastq.gz;NGS313;recG1-2_TAL_UP_S38;recG1-UP-A4_S38;recG1-2;TAL-2;S38;recG1-2_TAL-2_S38;recG1-2_TAL-2
recG1-UP-A9_S37.R1.fastq.gz;recG1-UP-A9_S37.R2.fastq.gz;recG1-2_TAL_UP_S37.R1.fastq.gz;recG1-2_TAL_UP_S37.R2.fastq.gz;NGS313;recG1-2_TAL_UP_S37;recG1-UP-A9_S37;recG1-2;TAL-2;S37;recG1-2_TAL-2_S37;recG1-2_TAL-2
recG1-6-2-C1_S40.R1.fastq.gz;recG1-6-2-C1_S40.R2.fastq.gz;recG1-2XCol-0_mix_S40.R1.fastq.gz;recG1-2XCol-0_mix_S40.R2.fastq.gz;NGS313;recG1-2XCol-0_mix_S40;recG1-6-2-C1_S40;recG1-2XCol-0;mix;S40;recG1-2XCol-0_mix_S40;recG1-2XCol-0_mix
NGS354_Why2-1_BM1_NA_D1_S5.R1.fastq.gz;NGS354_Why2-1_BM1_NA_D1_S5.R2.fastq.gz;why2-1_Col-0_S5.R1.fastq.gz;why2-1_Col-0_S5.R2.fastq.gz;NGS354;why2-1_Col-0_S5;Why2-1_S5;why2-1;no-TAL;S5;why2-1_no-TAL_S5;why2-1_no-TAL
NGS257-1E10-F1_S3.R1.fastq.gz;NGS257-1E10-F1_S3.R2.fastq.gz;why2-1_TAL_6-2_S3.R1.fastq.gz;why2-1_TAL_6-2_S3.R2.fastq.gz;NGS257;why2-1_TAL_6-2_S3;NGS257-1E10-F1_S3;why2-1;TAL-1;S3;why2-1_TAL-1_S3;why2-1_TAL-1
NGS257-1E12_S4.R1.fastq.gz;NGS257-1E12_S4.R2.fastq.gz;why2-1_TAL_6-2_S4.R1.fastq.gz;why2-1_TAL_6-2_S4.R2.fastq.gz;NGS257;why2-1_TAL_6-2_S4;NGS257-1E12_S4;why2-1;TAL-1;S4;why2-1_TAL-1_S4;why2-1_TAL-1
NGS257-1E5_S1.R1.fastq.gz;NGS257-1E5_S1.R2.fastq.gz;why2-1_TAL_6-2_S1.R1.fastq.gz;why2-1_TAL_6-2_S1.R2.fastq.gz;NGS257;why2-1_TAL_6-2_S1;NGS257-1E5_S1;why2-1;TAL-1;S1;why2-1_TAL-1_S1;why2-1_TAL-1
NGS257-1E9_S2.R1.fastq.gz;NGS257-1E9_S2.R2.fastq.gz;why2-1_TAL_6-2_S2.R1.fastq.gz;why2-1_TAL_6-2_S2.R2.fastq.gz;NGS257;why2-1_TAL_6-2_S2;NGS257-1E9_S2;why2-1;TAL-1;S2;why2-1_TAL-1_S2;why2-1_TAL-1
NGS257-1F4_S5.R1.fastq.gz;NGS257-1F4_S5.R2.fastq.gz;why2-1_TAL_6-2_S5.R1.fastq.gz;why2-1_TAL_6-2_S5.R2.fastq.gz;NGS257;why2-1_TAL_6-2_S5;NGS257-1F4_S5;why2-1;TAL-1;S5;why2-1_TAL-1_S5;why2-1_TAL-1
why2-6-2-6C5_S12.R1.fastq.gz;why2-6-2-6C5_S12.R2.fastq.gz;why2-1_TAL_6-2_S12.R1.fastq.gz;why2-1_TAL_6-2_S12.R2.fastq.gz;NGS313;why2-1_TAL_6-2_S12;why2-6-2-6C5_S12;why2-1;TAL-1;S12;why2-1_TAL-1_S12;why2-1_TAL-1
why2-6-2-6G3_S11.R1.fastq.gz;why2-6-2-6G3_S11.R2.fastq.gz;why2-1_TAL_6-2_S11.R1.fastq.gz;why2-1_TAL_6-2_S11.R2.fastq.gz;NGS313;why2-1_TAL_6-2_S11;why2-6-2-6G3_S11;why2-1;TAL-1;S11;why2-1_TAL-1_S11;why2-1_TAL-1
why2-6-2-6G6_S10.R1.fastq.gz;why2-6-2-6G6_S10.R2.fastq.gz;why2-1_TAL_6-2_S10.R1.fastq.gz;why2-1_TAL_6-2_S10.R2.fastq.gz;NGS313;why2-1_TAL_6-2_S10;why2-6-2-6G6_S10;why2-1;TAL-1;S10;why2-1_TAL-1_S10;why2-1_TAL-1
NGS246-IA12_S8.R1.fastq.gz;NGS246-IA12_S8.R2.fastq.gz;why2-1_TAL_UP_S4.R1.fastq.gz;why2-1_TAL_UP_S4.R2.fastq.gz;NGS246;why2-1_TAL_UP_S4;NGS246-IA1_S4;why2-1;TAL-2;S4;why2-1_TAL-2_S4;why2-1_TAL-2
NGS246-IA1_S4.R1.fastq.gz;NGS246-IA1_S4.R2.fastq.gz;why2-1_TAL_UP_S8.R1.fastq.gz;why2-1_TAL_UP_S8.R2.fastq.gz;NGS246;why2-1_TAL_UP_S8;NGS246-IA12_S8;why2-1;TAL-2;S8;why2-1_TAL-2_S8;why2-1_TAL-2
NGS246-IA3_S5.R1.fastq.gz;NGS246-IA3_S5.R2.fastq.gz;why2-1_TAL_UP_S5.R1.fastq.gz;why2-1_TAL_UP_S5.R2.fastq.gz;NGS246;why2-1_TAL_UP_S5;NGS246-IA3_S5;why2-1;TAL-2;S5;why2-1_TAL-2_S5;why2-1_TAL-2
NGS246-IA6_S6.R1.fastq.gz;NGS246-IA6_S6.R2.fastq.gz;why2-1_TAL_UP_S6.R1.fastq.gz;why2-1_TAL_UP_S6.R2.fastq.gz;NGS246;why2-1_TAL_UP_S6;NGS246-IA6_S6;why2-1;TAL-2;S6;why2-1_TAL-2_S6;why2-1_TAL-2
NGS246-IB9_S7.R1.fastq.gz;NGS246-IB9_S7.R2.fastq.gz;why2-1_TAL_UP_S7.R1.fastq.gz;why2-1_TAL_UP_S7.R2.fastq.gz;NGS246;why2-1_TAL_UP_S7;NGS246-IB9_S7;why2-1;TAL-2;S7;why2-1_TAL-2_S7;why2-1_TAL-2
